category,ref_code,ticket_id,portion,comment,pattern,recorded_on,recorded_on_8
Silver Silver Global,LV/9R3V,REF-06821,5/18,Metro evaluation metro analysis global operation north compliance signal documented,+ST-558&,2022-10-31,15/04/2025
Signal North,CK/LN9I,REF-06822,1/7,Clear distribution prime distribution delta tracking amber workflow north compliance rapid analysis clear,+CN-274&,2022-12-10,30/08/2025
Metro Amber Delta,O0/1L03,REF-06823,15/22,Vector allocation prime reference rapid planning north tracking signal,+GJ-486&,2022-02-08,11/10/2025
Silver Delta,CF/UE7H,REF-06824,11/21,Silver compliance clear evaluation delta operation prime reference vector operation north allocation,+DL-329&,2022-07-17,12/02/2025
Silver,GS/OYUO,REF-06825,3/15,Prime reference metro distribution north allocation,&XN-191&,2022-04-04,20/04/2025
Silver North Rapid,MX/P7RZ,REF-06826,7/25,North tracking amber allocation global tracking rapid operation vector,&IA-980+,2022-01-14,27/09/2025
Prime,AU/KBV7,REF-06827,20/28,North planning global capacity prime baseline signal inspection clear planning urban baseline,+AW-795&,2022-02-18,05/02/2025
Prime,XT/UKD0,REF-06828,3/11,Delta compliance global documented urban operation urban,+WU-833+,2022-01-02,01/04/2025
Global Amber Vector,SX/2WUY,REF-06829,1/19,North scheduling silver operation rapid baseline silver evaluation silver distribution signal compliance north,+EF-855&,2022-12-08,28/10/2025
Metro Signal Vector,H8/ILVV,REF-06830,8/9,Vector capacity prime inspection rapid allocation delta scheduling urban,+AO-191&,2022-10-31,25/08/2025
Metro Signal Silver,NV/YEL4,REF-06831,2/18,Metro capacity signal tracking delta workflow urban compliance global planning delta,&CQ-765&,2022-05-13,07/12/2025
Delta Vector,PE/OIWJ,REF-06832,20/23,Urban consolidated amber workflow silver consolidated vector scheduling signal operation vector documented global planning,&PQ-363+,2022-12-31,03/05/2025
North Clear Metro,MY/YYSC,REF-06833,13/21,Signal inspection delta allocation global operation amber documented delta,+ER-195+,2022-05-20,17/04/2025
Rapid Signal Global,K6/T6EE,REF-06834,19/23,Amber analysis urban analysis signal reference delta documented north inspection vector reference north,+PO-387+,2022-04-05,26/09/2025
Clear,49/IH0T,REF-06835,17/26,Global planning clear analysis signal scheduling silver distribution prime planning,+KK-503&,2022-07-06,14/09/2025
Urban,ZV/TJHO,REF-06836,11/15,Rapid compliance north scheduling urban planning delta capacity rapid documented delta planning,+WT-357&,2022-01-30,15/07/2025
Prime Signal,TY/ZTUQ,REF-06837,8/17,Urban distribution rapid scheduling signal baseline prime baseline global scheduling global compliance urban reference,+JJ-580&,2022-04-20,31/05/2025
Clear Clear North,AQ/40ZU,REF-06838,19/28,Rapid reference vector scheduling signal capacity prime consolidated silver consolidated rapid scheduling,+RG-474+,2022-04-06,05/11/2025
Rapid Prime,VS/APM4,REF-06839,14/22,North consolidated amber distribution rapid planning delta baseline signal allocation metro planning silver,&IC-723+,2022-07-19,17/02/2025
Vector Metro Global,R7/14FX,REF-06840,7/24,Clear workflow amber consolidated prime tracking,&MV-277+,2022-07-07,10/12/2025
Global,LR/8XHA,REF-06841,1/19,Signal reference global analysis amber operation urban workflow delta consolidated urban evaluation metro scheduling,+WO-396+,2022-04-18,10/08/2025
Metro Amber,BP/VXP9,REF-06842,4/18,Delta planning vector evaluation clear scheduling signal planning north consolidated vector tracking north baseline,+YS-282&,2022-08-01,11/12/2025
Metro Silver Signal,D0/4Y6Y,REF-06843,9/13,Amber compliance delta baseline delta documented,&ST-348+,2022-01-17,05/04/2025
Silver,HI/I0M7,REF-06844,15/18,Signal allocation signal capacity vector baseline,&ZA-663&,2022-09-23,06/04/2025
Silver,3E/M4F6,REF-06845,15/20,Urban reference metro allocation vector capacity,&ES-095&,2022-02-13,12/04/2025
Delta Prime Urban,7K/PQ72,REF-06846,2/20,Silver inspection urban documented signal baseline vector operation signal documented rapid,+FZ-607&,2022-04-22,21/07/2025
Urban Rapid,F1/N0HL,REF-06847,14/17,Delta inspection north workflow metro inspection signal allocation signal inspection amber consolidated clear analysis,+AB-896&,2022-02-11,04/01/2025
Signal Amber Prime,Q2/ZUST,REF-06848,5/26,Global capacity clear analysis urban documented signal inspection prime compliance north baseline rapid,+UZ-524&,2022-01-30,21/11/2025
Clear Metro Prime,P9/SM8E,REF-06849,8/13,North compliance signal compliance clear compliance signal analysis prime operation amber tracking urban,+CK-056&,2022-05-14,19/12/2025
Prime Prime Rapid,6Z/G4RC,REF-06850,5/11,Vector scheduling amber planning signal baseline clear reference,+RF-595+,2022-10-11,20/07/2025
Rapid Silver Amber,96/CXDH,REF-06851,2/25,North inspection prime allocation clear evaluation vector documented,&LB-181&,2022-07-13,26/10/2025
Prime North North,KY/YO5A,REF-06852,17/18,Delta scheduling signal documented rapid compliance global evaluation signal scheduling delta tracking,&LV-210+,2022-12-18,08/05/2025
North North Rapid,LH/IH1L,REF-06853,7/9,Vector compliance vector distribution north reference signal documented urban scheduling,+DV-346&,2022-05-15,21/08/2025
Prime Signal,JL/Y3O7,REF-06854,18/25,Rapid documented north inspection urban distribution delta tracking signal analysis,&DV-246+,2022-06-30,04/06/2025
Clear,82/IJN2,REF-06855,1/22,Global compliance signal analysis silver operation urban capacity north consolidated signal,+QT-728+,2022-07-04,28/12/2025
Delta Signal,KK/HPOQ,REF-06856,7/22,Silver capacity global tracking urban distribution global scheduling urban consolidated vector baseline,+WJ-935&,2022-08-10,13/04/2025
Silver,T5/X8E6,REF-06857,7/26,Metro operation silver planning rapid analysis global analysis metro,+TV-837&,2022-05-30,25/06/2025
Urban Rapid,BJ/DEPP,REF-06858,12/16,Urban scheduling amber planning silver inspection clear operation silver documented,+UC-151&,2022-04-02,13/10/2025
Rapid,7Z/R8XV,REF-06859,10/22,Rapid documented prime capacity rapid capacity metro operation urban inspection north workflow vector,+PE-928&,2022-06-06,21/09/2025
North,08/YR42,REF-06860,13/15,Delta inspection amber scheduling prime scheduling clear operation,&GH-304&,2022-06-27,08/11/2025
